Name,Class,Subclass,System(s),"Hint 1: Physical Exam finding in patients (ex: beefy-red, painless ulcerative lesions that bleed very easily when touched).
","Hint 2: congenital impact(s) (if applicable) OR more possible physical exam findings. If it is a bug with multiple different presentations, make sure to specify (ex: C. preferinges can cause diarrhea OR skin necrosis in different contexts).  
","Hint 3: Lab findings (fever, elevated eosinophilia, etc.)
","Hint 4: Treatment “This bug is treated with ___ and ____”
","Hint 5: Disease(s) it can cause
","Hint 6: Morphology (RNA+ virus, dsDNA virus, gram positive, intracellular bacteria, cestode (tapeworm), fungi, etc.)"
Staphylococcus aureus,bacteria,gram positive cocci in clusters,"Musculoskeletal, Skin & Subcutaneous Tissue; Cardiovascular; Respiratory; Gastrointestinal; Blood & Lymphoreticular/Immune Systems",Painful purulent skin abscesses,"Honey-crusted lesions, scalded-skin findings, or tampon/wound-associated shock","Catalase positive, coagulase positive, beta-hemolytic",Treated with oxacillin/nafcillin; MRSA with vancomycin or linezolid,"Acute endocarditis, osteomyelitis, pneumonia, food poisoning",Gram-positive cocci in clusters
Staphylococcus epidermidis,bacteria,gram positive cocci in clusters,"Cardiovascular; Musculoskeletal, Skin & Subcutaneous Tissue; Blood & Lymphoreticular/Immune Systems",Infection around prosthetic material or IV catheters,Biofilm-associated foreign body infection,"Catalase positive, coagulase negative, novobiocin sensitive",Treated with oxacillin/nafcillin if susceptible; vancomycin if resistant,"Prosthetic valve infection, catheter infection, prosthetic joint infection",Gram-positive cocci in clusters
Streptococcus pyogenes,bacteria,gram positive cocci in chains,"Musculoskeletal, Skin & Subcutaneous Tissue; Respiratory; Renal/Urinary; Cardiovascular",Sore throat with fever and tonsillar exudates,"Honey-crusted skin lesions, rapidly progressive soft-tissue necrosis, or sandpaper rash","Catalase negative, beta-hemolytic, bacitracin sensitive, ASO may be elevated",Treated with penicillin; macrolide if allergic,"Pharyngitis, cellulitis, rheumatic fever, postinfectious glomerular disease",Gram-positive cocci in chains
Streptococcus pneumoniae,bacteria,gram positive lancet-shaped diplococci,Respiratory; Nervous System; Blood & Lymphoreticular/Immune Systems,Cough with rusty-colored sputum,"Otitis media, sinusitis, or meningeal irritation","Alpha-hemolytic, optochin sensitive, bile soluble",Treated with penicillin or ceftriaxone; add vancomycin for severe meningitis concern,"Lobar pneumonia, meningitis, otitis media, sinusitis",Gram-positive lancet-shaped diplococci
Streptococcus agalactiae,bacteria,gram positive cocci in chains,Reproductive; Nervous System; Respiratory; Blood & Lymphoreticular/Immune Systems,"Newborn with sepsis, pneumonia, or meningitis",Maternal genital/GI colonization can affect neonates,"Beta-hemolytic, CAMP positive, bacitracin resistant",Treated with penicillin or ampicillin,"Neonatal sepsis, neonatal pneumonia, neonatal meningitis",Gram-positive cocci in chains
Enterococcus,bacteria,gram positive cocci in chains,Renal/Urinary; Gastrointestinal; Cardiovascular,Catheter-associated urinary symptoms,Infection after GI/GU procedures; can involve heart valves,Grows in bile and 6.5% NaCl; PYR positive,Treated with ampicillin or vancomycin; resistant strains with linezolid or daptomycin,"UTI, cholecystitis, subacute endocarditis",Gram-positive cocci in chains
Neisseria gonorrhoeae,bacteria,gram negative diplococci,"Reproductive; Musculoskeletal, Skin & Subcutaneous Tissue",Purulent urethral or cervical discharge,"Migratory polyarthralgia, tenosynovitis, or septic arthritis",Intracellular diplococci in neutrophils; oxidase positive,Treated with ceftriaxone plus doxycycline if coinfection not excluded,"Urethritis, cervicitis, PID, disseminated joint infection",Gram-negative diplococci
Neisseria meningitidis,bacteria,gram negative diplococci,"Nervous System; Blood & Lymphoreticular/Immune Systems; Musculoskeletal, Skin & Subcutaneous Tissue","Fever, neck stiffness, and petechial rash",Adrenal hemorrhage with shock can occur,CSF neutrophilia; oxidase positive; encapsulated,Treated with ceftriaxone,"Meningitis, meningococcemia, fulminant septic shock",Gram-negative diplococci
Escherichia coli,bacteria,gram negative lactose-fermenting rod,Renal/Urinary; Gastrointestinal; Nervous System; Blood & Lymphoreticular/Immune Systems,"Dysuria, frequency, and suprapubic pain","Watery traveler’s diarrhea, bloody diarrhea, or neonatal meningitis depending on subtype",Lactose fermenter; pink MacConkey colonies; metallic green EMB colonies,Treated with TMP-SMX or ciprofloxacin for many infections; avoid antibiotics in suspected Shiga-toxin colitis,"UTI, pyelonephritis, neonatal meningitis, diarrheal illness",Gram-negative lactose-fermenting rod
Salmonella,bacteria,gram negative non-lactose-fermenting rod,"Gastrointestinal; Blood & Lymphoreticular/Immune Systems; Musculoskeletal, Skin & Subcutaneous Tissue","Diarrhea after poultry, egg, reptile, or animal-product exposure",Can cause osteomyelitis in sickle cell disease,"Non-lactose fermenter, H2S producer, motile","Severe cases treated with ceftriaxone, azithromycin, or ciprofloxacin","Gastroenteritis, enteric fever, reactive arthritis, osteomyelitis",Gram-negative non-lactose-fermenting rod
Shigella,bacteria,gram negative non-lactose-fermenting rod,Gastrointestinal; Renal/Urinary; Nervous System,"Fever, abdominal cramps, and bloody diarrhea",Very low infectious dose; spreads person-to-person,Non-lactose fermenter; Shiga toxin may be present,Treated with ciprofloxacin or ceftriaxone when antibiotics are indicated,"Bacillary dysentery, HUS, reactive arthritis",Gram-negative non-lactose-fermenting rod
Campylobacter,bacteria,gram negative curved rod,"Gastrointestinal; Nervous System; Musculoskeletal, Skin & Subcutaneous Tissue",Bloody diarrhea after undercooked poultry or unpasteurized milk,Can precede ascending weakness or reactive arthritis,"Curved rod, oxidase positive, grows best at 37–42°C",Treated supportively; severe cases with azithromycin or erythromycin,"Enterocolitis, postinfectious neuropathy, reactive arthritis",Gram-negative curved rod
Vibrio cholerae,bacteria,gram negative comma-shaped rod,Gastrointestinal,Profuse watery “rice-water” diarrhea,Severe dehydration with minimal intestinal inflammation,Oxidase positive; grows in alkaline media,Treated with aggressive rehydration plus doxycycline or azithromycin,Secretory diarrheal illness with hypovolemia,Gram-negative comma-shaped rod
Helicobacter pylori,bacteria,gram negative curved urease-positive rod,Gastrointestinal; Blood & Lymphoreticular/Immune Systems,Burning epigastric pain related to meals,Long-term infection increases gastric malignancy risk,"Urease positive, oxidase positive, catalase positive",Treated with PPI-based bismuth quadruple therapy,"Chronic gastritis, peptic ulcer disease, gastric adenocarcinoma, MALT lymphoma",Gram-negative curved urease-positive rod
Pseudomonas aeruginosa,bacteria,gram negative oxidase-positive rod,"Respiratory; Musculoskeletal, Skin & Subcutaneous Tissue; Renal/Urinary; Nervous System; Blood & Lymphoreticular/Immune Systems",Blue-green wound drainage with sweet/fruity odor,"Hot-tub folliculitis, contact-lens keratitis, or burn-wound infection","Oxidase positive, catalase positive, non-lactose fermenter","Treated with piperacillin-tazobactam, cefepime, ceftazidime, ciprofloxacin, or related antipseudomonal therapy","Pneumonia, UTI, sepsis, malignant otitis externa, ecthyma gangrenosum",Gram-negative oxidase-positive rod
Bordetella pertussis,bacteria,gram negative coccobacillus,Respiratory,Paroxysmal cough with inspiratory whoop and posttussive emesis,Apnea may be prominent in infants,Marked lymphocytosis,Treated with azithromycin or another macrolide,Whooping cough syndrome,Gram-negative coccobacillus
Haemophilus influenzae,bacteria,gram negative coccobacillus,"Respiratory; Nervous System; Blood & Lymphoreticular/Immune Systems; Musculoskeletal, Skin & Subcutaneous Tissue","Fever, drooling, and tripod positioning","Otitis media, sinusitis, pneumonia, or meningitis in unvaccinated patients",Requires factors V and X; grows on chocolate agar,Treated with ceftriaxone for invasive disease,"Epiglottitis, meningitis, otitis media, pneumonia",Gram-negative coccobacillus
Haemophilus ducreyi,bacteria,gram negative coccobacillus,"Reproductive; Musculoskeletal, Skin & Subcutaneous Tissue",Painful genital ulcer with ragged edges,Tender suppurative inguinal lymphadenopathy,Small gram-negative coccobacilli may form “school of fish” pattern,Treated with azithromycin or ceftriaxone,Painful ulcerative STI with buboes,Gram-negative coccobacillus
Legionella pneumophila,bacteria,gram negative intracellular rod,Respiratory; Gastrointestinal; Nervous System; Renal/Urinary,Atypical pneumonia with cough and systemic symptoms,"Diarrhea, confusion, and water-aerosol exposure are clues",Hyponatremia; grows on charcoal yeast extract with cysteine and iron,Treated with levofloxacin or azithromycin,Severe atypical pneumonia; self-limited febrile illness,Gram-negative intracellular rod
Mycoplasma pneumoniae,bacteria,cell wall-deficient atypical bacteria,"Respiratory; Blood & Lymphoreticular/Immune Systems; Musculoskeletal, Skin & Subcutaneous Tissue",Gradual dry cough with “walking pneumonia” presentation,Bullous myringitis or cold-agglutinin hemolysis,Lacks cell wall; “fried egg” colonies on Eaton agar,"Treated with azithromycin, doxycycline, or levofloxacin",Atypical pneumonia,Cell wall-deficient atypical bacteria
Chlamydia trachomatis,bacteria,obligate intracellular atypical bacteria,"Reproductive; Respiratory; Musculoskeletal, Skin & Subcutaneous Tissue",Mucopurulent cervicitis or urethritis,Neonatal conjunctivitis or afebrile pneumonia after delivery exposure,Obligate intracellular; NAAT commonly used,Treated with doxycycline; add ceftriaxone when gonorrheal coinfection is possible,"Cervicitis, urethritis, PID, neonatal eye/lung infection",Obligate intracellular atypical bacteria
Treponema pallidum,bacteria,spirochete,"Reproductive; Nervous System; Cardiovascular; Musculoskeletal, Skin & Subcutaneous Tissue",Painless genital chancre,Later rash can involve palms and soles; congenital cases can affect bone/teeth/nose,Nontreponemal screening and treponemal confirmation,Treated with penicillin G,Syphilis,Spirochete
Borrelia burgdorferi,bacteria,spirochete,"Musculoskeletal, Skin & Subcutaneous Tissue; Nervous System; Cardiovascular",Expanding annular rash after tick exposure,"Facial palsy, arthritis, or AV block may occur",Serology with two-step testing when indicated,Treated with doxycycline; ceftriaxone for severe neurologic/cardiac disease,Lyme disease,Spirochete
Leptospira interrogans,bacteria,spirochete,Renal/Urinary; Gastrointestinal; Nervous System,Conjunctival suffusion with fever and myalgias,"Severe disease may cause jaundice, renal injury, and hemorrhage",Thin spirochete; serology/PCR may be used,Treated with doxycycline or penicillin,Weil syndrome; febrile zoonotic illness,Spirochete
Clostridium difficile,bacteria,gram positive anaerobic spore-forming rod,Gastrointestinal,Watery diarrhea after antibiotic exposure,Severe cases can cause toxic megacolon,Stool toxin positive; pseudomembranes may be seen,Treated with oral vancomycin or fidaxomicin,Antibiotic-associated colitis,Gram-positive anaerobic spore-forming rod
Clostridium botulinum,bacteria,gram positive anaerobic spore-forming rod,Nervous System; Gastrointestinal,Descending symmetric flaccid paralysis,Infant cases may present with constipation and poor feeding,Toxin detection supports diagnosis,Treated with antitoxin and supportive care,Flaccid paralysis syndrome from toxin-mediated ACh blockade,Gram-positive anaerobic spore-forming rod
Clostridium tetani,bacteria,gram positive anaerobic spore-forming rod,Nervous System,Lockjaw with painful muscle spasms,Opisthotonos and autonomic instability may occur,Diagnosis is clinical,Treated with immune globulin plus metronidazole and wound care,Spastic paralysis syndrome from toxin-mediated loss of inhibition,Gram-positive anaerobic spore-forming rod
Bacillus anthracis,bacteria,gram positive aerobic spore-forming rod,"Respiratory; Musculoskeletal, Skin & Subcutaneous Tissue; Gastrointestinal; Blood & Lymphoreticular/Immune Systems",Painless black eschar with surrounding edema,Inhalational disease can cause widened mediastinum and shock,Large boxcar-shaped rods; toxin-mediated edema and necrosis,Treated with ciprofloxacin plus additional agents/antitoxin in severe disease,"Cutaneous black-eschar illness, inhalational mediastinitis, GI disease",Gram-positive aerobic spore-forming rod
Listeria monocytogenes,bacteria,gram positive facultative intracellular rod,Nervous System; Gastrointestinal; Reproductive; Blood & Lymphoreticular/Immune Systems,"Fever and meningitis in neonates, older adults, or pregnant patients",Transplacental infection can cause fetal or neonatal disease,Tumbling motility; grows in cold temperatures,Treated with ampicillin plus gentamicin,"Neonatal sepsis, meningitis, pregnancy-associated infection",Gram-positive facultative intracellular rod
Mycobacterium tuberculosis,bacteria,acid-fast rod,"Respiratory; Nervous System; Gastrointestinal; Renal/Urinary; Musculoskeletal, Skin & Subcutaneous Tissue; Blood & Lymphoreticular/Immune Systems","Chronic cough, night sweats, weight loss, hemoptysis","Can spread to meninges, spine, kidneys, or GI tract",Acid-fast bacilli; caseating granulomas,Treated with RIPE therapy,Pulmonary and extrapulmonary granulomatous infection,Acid-fast rod
Corynebacterium diphtheriae,bacteria,gram positive club-shaped rod,Respiratory; Cardiovascular; Nervous System,Gray pharyngeal pseudomembrane that can bleed if removed,Myocarditis and neuropathy can occur,Club-shaped rods with metachromatic granules,Treated with antitoxin plus erythromycin or penicillin,Toxin-mediated pseudomembranous pharyngitis with cardiac/nerve complications,Gram-positive club-shaped rod
Actinomyces israelii,bacteria,gram positive branching anaerobic rod,"Musculoskeletal, Skin & Subcutaneous Tissue; Reproductive",Chronic jaw/facial mass with draining sinus tracts,Yellow sulfur granules may be present in drainage,Branching filamentous anaerobe,Treated with prolonged penicillin,"Chronic cervicofacial, thoracic, abdominal, or pelvic abscess-forming infection",Gram-positive branching anaerobic rod
Yersinia pestis,bacteria,gram negative rod with bipolar staining,"Blood & Lymphoreticular/Immune Systems; Respiratory; Musculoskeletal, Skin & Subcutaneous Tissue",Painful swollen lymph nodes after flea/rodent exposure,Pneumonic form can cause severe contagious pneumonia,Bipolar “safety-pin” staining,Treated with streptomycin or gentamicin,"Bubonic, septicemic, or pneumonic plague",Gram-negative rod with bipolar staining
Bartonella henselae,bacteria,gram negative intracellular rod,"Blood & Lymphoreticular/Immune Systems; Musculoskeletal, Skin & Subcutaneous Tissue; Cardiovascular",Papule after cat scratch followed by regional lymphadenopathy,Vascular skin lesions may occur in advanced immunosuppression,Warthin-Starry silver stain may show organisms,Treated with azithromycin,"Cat-associated lymphadenitis, vascular proliferative disease, culture-negative endocarditis",Gram-negative intracellular rod
Brucella,bacteria,gram negative intracellular coccobacillus,"Musculoskeletal, Skin & Subcutaneous Tissue; Blood & Lymphoreticular/Immune Systems; Gastrointestinal",Undulating fever with livestock or unpasteurized dairy exposure,"Hepatosplenomegaly, arthralgia, and sweats are common",Intracellular coccobacillus; blood cultures/serology may help,Treated with doxycycline plus rifampin,Undulant fever zoonosis with systemic symptoms,Gram-negative intracellular coccobacillus
Francisella tularensis,bacteria,gram negative intracellular coccobacillus,"Blood & Lymphoreticular/Immune Systems; Musculoskeletal, Skin & Subcutaneous Tissue; Respiratory",Ulcer at inoculation site with painful regional lymph nodes,Pneumonia can follow aerosol exposure,Requires cysteine for growth,Treated with streptomycin or gentamicin,"Ulceroglandular zoonosis, pneumonic zoonosis",Gram-negative intracellular coccobacillus
Coxiella burnetii,bacteria,obligate intracellular gram negative-like bacteria,Respiratory; Cardiovascular; Gastrointestinal,Fever and atypical pneumonia after farm-animal exposure,Culture-negative endocarditis can occur,Obligate intracellular organism; serology often used,Treated with doxycycline,Q fever; culture-negative endocarditis,Obligate intracellular gram-negative-like bacteria
Rickettsia rickettsii,bacteria,obligate intracellular gram negative-like bacteria,"Musculoskeletal, Skin & Subcutaneous Tissue; Blood & Lymphoreticular/Immune Systems; Nervous System",Fever with rash beginning on wrists/ankles and spreading centrally,Rash may involve palms and soles,Thrombocytopenia and hyponatremia may occur,Treated with doxycycline,Tick-borne vasculitic febrile rash illness,Obligate intracellular gram-negative-like bacteria
Anaplasma,bacteria,obligate intracellular gram negative-like bacteria,Blood & Lymphoreticular/Immune Systems,"Fever, headache, myalgias after tick exposure",Rash is uncommon compared with other tick-borne rickettsial illnesses,"Leukopenia, thrombocytopenia, morulae in granulocytes",Treated with doxycycline,Human granulocytic tick-borne febrile illness,Obligate intracellular gram-negative-like bacteria
Ehrlichia,bacteria,obligate intracellular gram negative-like bacteria,Blood & Lymphoreticular/Immune Systems,"Fever, myalgias, and headache after tick exposure","GI symptoms, hepatomegaly, or occasional maculopapular/petechial rash may occur","Leukopenia, thrombocytopenia, anemia, ↑ AST/ALT, hyponatremia; morulae in monocytes",Treated with doxycycline,Human monocytic tick-borne febrile illness,Obligate intracellular gram-negative-like bacteria
Influenza,virus,negative-sense segmented RNA virus,"Respiratory; Musculoskeletal, Skin & Subcutaneous Tissue","Abrupt fever, chills, myalgias, headache, and cough",Antigenic drift and shift help explain recurrent seasonal and pandemic patterns,PCR or rapid antigen testing may be positive; complications include secondary bacterial pneumonia,Treated with oseltamivir or other neuraminidase inhibitor when indicated,"Acute febrile respiratory illness, viral pneumonia",Negative-sense segmented RNA virus
RSV,virus,negative-sense RNA virus,Respiratory,"Infant with cough, wheezing, tachypnea, and bronchiolitis","Severe disease is more likely in infants, older adults, and high-risk patients",PCR may be positive; multinucleated respiratory epithelial cells can form,Treated supportively; prevention/prophylaxis options include vaccine or monoclonal antibody in selected groups,"Bronchiolitis, pneumonia, upper respiratory infection",Negative-sense RNA virus
Parainfluenza,virus,negative-sense RNA virus,Respiratory,Barking cough with inspiratory stridor in a young child,Symptoms often worsen at night and involve upper-airway inflammation,Diagnosis is usually clinical; viral testing may identify the cause,Treated supportively; dexamethasone and nebulized epinephrine for moderate/severe airway disease,"Croup, upper and lower respiratory infection",Negative-sense RNA virus
Measles,virus,negative-sense RNA virus,"Respiratory; Musculoskeletal, Skin & Subcutaneous Tissue; Nervous System; Blood & Lymphoreticular/Immune Systems","Cough, coryza, conjunctivitis, and fever followed by a descending rash",Small bluish-white oral lesions may appear before the rash,Leukopenia may occur; diagnosis confirmed by serology or PCR,Treated supportively with vitamin A in selected patients; prevented with live attenuated vaccine,"Febrile exanthem illness, pneumonia, encephalitis, subacute sclerosing panencephalitis",Negative-sense RNA virus
Mumps,virus,negative-sense RNA virus,Reproductive; Nervous System; Gastrointestinal,Painful parotid swelling with fever and malaise,"Orchitis, pancreatitis, or aseptic meningitis can occur",Serum amylase may be elevated; PCR/serology may confirm,Treated supportively; prevented with live attenuated vaccine,"Parotitis, orchitis, aseptic meningitis, pancreatitis",Negative-sense RNA virus
Rubella,virus,positive-sense RNA virus,"Reproductive; Musculoskeletal, Skin & Subcutaneous Tissue; Cardiovascular; Nervous System",Mild fever with lymphadenopathy and maculopapular rash,"Congenital infection can cause cataracts, deafness, and cardiac defects",Serology or PCR may confirm infection,Treated supportively; prevented with live attenuated vaccine,"German measles-like illness, congenital rubella syndrome",Positive-sense RNA virus
Parvovirus B19,virus,single-stranded DNA virus,"Blood & Lymphoreticular/Immune Systems; Musculoskeletal, Skin & Subcutaneous Tissue; Reproductive",“Slapped cheek” facial rash in a child,Arthralgias in adults; fetal hydrops risk in pregnancy,Transient aplastic crisis in hemolytic disease; IgM/serology may confirm,Treated supportively; transfusion may be needed for severe aplasia,"Erythema infectiosum, aplastic crisis, fetal hydrops",Single-stranded DNA virus
CMV,virus,double-stranded DNA herpesvirus,Blood & Lymphoreticular/Immune Systems; Reproductive; Gastrointestinal; Nervous System; Respiratory,Mononucleosis-like illness with negative heterophile testing,"Congenital infection can cause hearing loss, periventricular calcifications, and petechiae",Owl-eye intranuclear inclusions; PCR/antigen testing may help,Treated with ganciclovir or valganciclovir when indicated,"Retinitis, esophagitis, pneumonia, congenital infection, mononucleosis-like illness",Double-stranded DNA herpesvirus
EBV,virus,double-stranded DNA herpesvirus,Blood & Lymphoreticular/Immune Systems; Gastrointestinal,"Fever, pharyngitis, lymphadenopathy, and fatigue",Splenomegaly increases risk of rupture after contact sports,Heterophile antibody test may be positive; atypical lymphocytes,Treated supportively; avoid contact sports during splenic risk period,"Infectious mononucleosis, oral hairy leukoplakia, Burkitt lymphoma, nasopharyngeal carcinoma",Double-stranded DNA herpesvirus
HHV-8,virus,double-stranded DNA herpesvirus,"Blood & Lymphoreticular/Immune Systems; Musculoskeletal, Skin & Subcutaneous Tissue",Violaceous vascular skin or mucosal lesions,Strong association with advanced immunosuppression,Spindle-cell vascular tumor on biopsy,Treated by improving immune status; antiretroviral therapy when HIV-associated,"Kaposi sarcoma, primary effusion lymphoma, multicentric Castleman disease",Double-stranded DNA herpesvirus
HSV-1,virus,double-stranded DNA herpesvirus,"Nervous System; Musculoskeletal, Skin & Subcutaneous Tissue; Reproductive",Painful grouped vesicles around the mouth,Can cause temporal-lobe encephalitis or corneal dendritic ulcers,Tzanck smear may show multinucleated giant cells; PCR is useful for CNS disease,"Treated with acyclovir, valacyclovir, or famciclovir","Cold sores, gingivostomatitis, keratitis, encephalitis, whitlow",Double-stranded DNA herpesvirus
HSV-2,virus,double-stranded DNA herpesvirus,"Reproductive; Nervous System; Musculoskeletal, Skin & Subcutaneous Tissue",Painful grouped genital vesicles or ulcers,Neonatal infection can occur during delivery,PCR from lesion or CSF may confirm,"Treated with acyclovir, valacyclovir, or famciclovir","Genital ulcer disease, neonatal infection, aseptic meningitis",Double-stranded DNA herpesvirus
VZV,virus,double-stranded DNA herpesvirus,"Nervous System; Musculoskeletal, Skin & Subcutaneous Tissue; Respiratory",Diffuse pruritic vesicles in different stages of healing,Reactivation causes painful dermatomal vesicular eruption,Diagnosis is usually clinical; PCR from lesion can confirm,Treated with acyclovir/valacyclovir when indicated; prevented with vaccination,"Chickenpox, shingles, pneumonia, encephalitis, congenital varicella syndrome",Double-stranded DNA herpesvirus
Adenovirus,virus,double-stranded DNA virus,Respiratory; Gastrointestinal; Renal/Urinary,Pharyngitis with conjunctivitis and fever,Can cause hemorrhagic cystitis or diarrhea,PCR may confirm; nonenveloped virus is environmentally hardy,Treated supportively in most cases,"Pharyngoconjunctival fever, pneumonia, gastroenteritis, hemorrhagic cystitis",Double-stranded DNA virus
HPV,virus,double-stranded circular DNA virus,"Reproductive; Musculoskeletal, Skin & Subcutaneous Tissue",Verrucous skin or anogenital warts,High-risk types are linked to anogenital and oropharyngeal cancers,Koilocytes may be seen on cytology/biopsy,"Warts treated with cryotherapy, topical agents, or excision; prevention with vaccination","Warts, cervical dysplasia/cancer, anogenital cancer",Double-stranded circular DNA virus
Molluscum contagiosum,virus,double-stranded DNA poxvirus,"Musculoskeletal, Skin & Subcutaneous Tissue",Dome-shaped umbilicated pearly papules,More extensive lesions can occur with immunosuppression,Henderson-Patterson bodies may be seen,"Often self-limited; curettage, cryotherapy, or topical therapy if needed",Benign umbilicated papular skin infection,Double-stranded DNA poxvirus
Hepatitis A,virus,positive-sense RNA virus,Gastrointestinal,"Acute jaundice, malaise, anorexia, and right upper quadrant discomfort",Fecal-oral spread; no chronic carrier state,↑ AST/ALT; anti-HAV IgM indicates acute infection,Treated supportively; prevented with inactivated vaccine,Acute viral hepatitis,Positive-sense RNA virus
Hepatitis B,virus,partially double-stranded circular DNA virus,Gastrointestinal; Reproductive; Blood & Lymphoreticular/Immune Systems,"Jaundice and fatigue after sexual, parenteral, or perinatal exposure",Chronic infection increases risk of cirrhosis and hepatocellular carcinoma,HBsAg indicates infection; anti-HBc IgM suggests acute infection,Chronic disease treated with antivirals such as tenofovir/entecavir or interferon in selected cases,"Acute/chronic hepatitis, cirrhosis, hepatocellular carcinoma",Partially double-stranded circular DNA virus
Hepatitis C,virus,positive-sense RNA virus,Gastrointestinal; Blood & Lymphoreticular/Immune Systems; Renal/Urinary,"Often asymptomatic initially, later chronic liver disease",Parenteral exposure is a key risk; chronicity is common,Anti-HCV screening followed by RNA confirmation,Treated with direct-acting antivirals,"Chronic hepatitis, cirrhosis, hepatocellular carcinoma, mixed cryoglobulinemia",Positive-sense RNA virus
Hepatitis D,virus,negative-sense circular RNA virus,Gastrointestinal; Blood & Lymphoreticular/Immune Systems,Severe hepatitis in a patient who also has surface antigen for another hepatitis virus,Coinfection or superinfection can worsen liver disease,Anti-HDV or HDV RNA with concurrent HBsAg,Treated with supportive care and specialist-directed antiviral therapy; prevention by HBV vaccination,"Severe acute hepatitis, chronic hepatitis acceleration",Negative-sense circular RNA virus
Hepatitis E,virus,positive-sense RNA virus,Gastrointestinal; Reproductive,Acute hepatitis after fecal-oral exposure,Particularly severe in pregnancy,↑ AST/ALT; anti-HEV IgM or RNA may confirm,Treated supportively in most cases,"Acute viral hepatitis, fulminant hepatitis in pregnancy",Positive-sense RNA virus
HIV,virus,positive-sense RNA retrovirus,"Blood & Lymphoreticular/Immune Systems; Nervous System; Gastrointestinal; Reproductive; Respiratory; Musculoskeletal, Skin & Subcutaneous Tissue","Acute fever, rash, sore throat, and lymphadenopathy after exposure",Progressive immunodeficiency predisposes to opportunistic infections and malignancy,Positive antigen/antibody testing; viral load and CD4 count guide care,Treated with combination antiretroviral therapy,"AIDS, opportunistic infections, wasting, neurocognitive disease",Positive-sense RNA retrovirus
Rabies,virus,negative-sense RNA virus,Nervous System; Behavioral Health,Paresthesia near bite site followed by agitation or neurologic symptoms,"Hydrophobia, aerophobia, and hypersalivation may occur",Negri bodies may be seen; PCR/serology can support diagnosis,"Postexposure prophylaxis with wound care, immune globulin, and vaccine before symptoms",Fatal encephalitis,Negative-sense RNA virus
Polio,virus,positive-sense RNA virus,"Nervous System; Gastrointestinal; Musculoskeletal, Skin & Subcutaneous Tissue",Fever and GI symptoms followed by asymmetric flaccid weakness,Anterior horn cell injury causes lower motor neuron findings,CSF may show lymphocytic pleocytosis; stool/throat PCR may confirm,Treated supportively; prevented with vaccination,"Poliomyelitis, aseptic meningitis, paralytic disease",Positive-sense RNA virus
Coxsackievirus A,virus,positive-sense RNA enterovirus,"Musculoskeletal, Skin & Subcutaneous Tissue; Gastrointestinal; Respiratory",Painful oral vesicles with hand/foot rash,Posterior oropharyngeal vesicles can occur without hand/foot lesions,Diagnosis usually clinical; PCR may identify enterovirus,Treated supportively,"Hand-foot-mouth disease, herpangina, aseptic meningitis",Positive-sense RNA enterovirus
Coxsackievirus B,virus,positive-sense RNA enterovirus,Cardiovascular; Gastrointestinal; Nervous System,Pleuritic chest pain with fever or myocarditis symptoms,Can cause dilated cardiomyopathy after myocardial injury,Troponin may be elevated in myocarditis; PCR/serology may help,Treated supportively; heart failure therapy if myocardial involvement,"Myocarditis, pericarditis, pleurodynia, aseptic meningitis",Positive-sense RNA enterovirus
Echovirus,virus,positive-sense RNA enterovirus,"Nervous System; Gastrointestinal; Musculoskeletal, Skin & Subcutaneous Tissue",Fever with aseptic meningitis in child or neonate,"Can also cause rash, conjunctivitis, diarrhea, or myocarditis",CSF lymphocytic pleocytosis; PCR may confirm,Treated supportively,"Aseptic meningitis, neonatal diarrhea, myocarditis, hepatitis",Positive-sense RNA enterovirus
Rotavirus,virus,double-stranded segmented RNA virus,Gastrointestinal,Severe watery diarrhea and vomiting in infants/young children,Dehydration can be prominent; fecal-oral spread,Stool antigen/PCR may confirm,Treated with oral or IV rehydration; prevented with live attenuated vaccine,Infantile gastroenteritis,Double-stranded segmented RNA virus
Norovirus,virus,positive-sense RNA virus,Gastrointestinal,Sudden vomiting and watery diarrhea in outbreaks,Spread by fecal-oral route and aerosolized vomitus; highly contagious,Diagnosis usually clinical; PCR can confirm outbreaks,Treated with rehydration and supportive care,Acute viral gastroenteritis,Positive-sense RNA virus
Ebola virus,virus,negative-sense RNA filovirus,Blood & Lymphoreticular/Immune Systems; Gastrointestinal; Cardiovascular,"High fever, severe malaise, vomiting/diarrhea, and bleeding manifestations",Exposure in endemic/outbreak setting; endothelial and hepatic involvement,"Thrombocytopenia, transaminitis, PCR confirmation",Treated with aggressive supportive care and pathogen-specific therapeutics when available,Viral hemorrhagic fever with shock,Negative-sense RNA filovirus
Marburg virus,virus,negative-sense RNA filovirus,Blood & Lymphoreticular/Immune Systems; Gastrointestinal; Cardiovascular,Severe febrile illness with GI symptoms and hemorrhage,Exposure to bats or outbreak setting may be a clue,"Thrombocytopenia, transaminitis, PCR confirmation",Treated with intensive supportive care,Viral hemorrhagic fever with shock,Negative-sense RNA filovirus
Dengue virus,virus,positive-sense RNA flavivirus,"Blood & Lymphoreticular/Immune Systems; Musculoskeletal, Skin & Subcutaneous Tissue; Gastrointestinal",High fever with severe retro-orbital pain and myalgias,"Rash, bleeding, or shock can occur in severe disease","Leukopenia, thrombocytopenia, ↑ hematocrit; NS1 antigen/PCR early",Treated with fluids and supportive care; avoid NSAIDs,"Breakbone fever, hemorrhagic fever, shock syndrome",Positive-sense RNA flavivirus
Zika virus,virus,positive-sense RNA flavivirus,"Reproductive; Nervous System; Musculoskeletal, Skin & Subcutaneous Tissue","Mild fever, rash, arthralgia, and conjunctivitis after mosquito exposure",Congenital infection can cause microcephaly and brain abnormalities,PCR early; serology later,Treated supportively; pregnancy counseling/prevention emphasized,"Febrile rash illness, congenital neurodevelopmental syndrome, Guillain-Barré association",Positive-sense RNA flavivirus
Chikungunya virus,virus,positive-sense RNA alphavirus,"Musculoskeletal, Skin & Subcutaneous Tissue; Blood & Lymphoreticular/Immune Systems",Fever with severe symmetric polyarthralgia after mosquito exposure,Joint pain can persist for months,Leukopenia or thrombocytopenia may occur; PCR/serology can confirm,Treated supportively with analgesics and fluids,Febrile arthralgia illness,Positive-sense RNA alphavirus
West Nile virus,virus,positive-sense RNA flavivirus,"Nervous System; Musculoskeletal, Skin & Subcutaneous Tissue","Fever, headache, myalgias after mosquito exposure",Older or immunocompromised patients can develop encephalitis or flaccid paralysis,CSF lymphocytic pleocytosis; IgM in serum/CSF,Treated supportively,"Febrile illness, meningitis, encephalitis, acute flaccid paralysis",Positive-sense RNA flavivirus
Yellow fever virus,virus,positive-sense RNA flavivirus,Gastrointestinal; Blood & Lymphoreticular/Immune Systems; Renal/Urinary,"Fever, jaundice, bleeding, and renal injury after mosquito exposure",Biphasic illness may progress to shock and multiorgan failure,"↑ AST/ALT, hyperbilirubinemia, thrombocytopenia; PCR/serology",Treated supportively; prevented with live attenuated vaccine,Viral hemorrhagic fever with jaundice,Positive-sense RNA flavivirus
Eastern equine encephalitis virus,virus,positive-sense RNA alphavirus,Nervous System,"Fever, headache, and rapidly progressive encephalitis after mosquito exposure",Severe neurologic disease can leave major deficits,CSF lymphocytic pleocytosis; serology/PCR may support diagnosis,Treated supportively,Mosquito-borne encephalitis,Positive-sense RNA alphavirus
Lymphocytic choriomeningitis virus,virus,negative-sense segmented RNA arenavirus,Nervous System; Reproductive,Aseptic meningitis after rodent exposure,Congenital infection can cause fetal neurologic disease,CSF lymphocytic pleocytosis; serology/PCR may confirm,Treated supportively in most cases,"Aseptic meningitis, encephalitis, congenital infection",Negative-sense segmented RNA arenavirus
Candida albicans,fungi,yeast with pseudohyphae,"Reproductive; Musculoskeletal, Skin & Subcutaneous Tissue; Blood & Lymphoreticular/Immune Systems; Gastrointestinal; Renal/Urinary",White oral plaques that scrape off or pruritic vulvovaginal discharge,Intertriginous erythema with satellite lesions or disseminated sepsis in high-risk hosts,KOH shows budding yeast and pseudohyphae,Treated with topical azoles/nystatin for mucosal disease; fluconazole or echinocandin for invasive disease,"Thrush, vulvovaginitis, esophagitis, candidemia, endocarditis",Yeast with pseudohyphae
Aspergillus,fungi,septate mold with acute-angle branching hyphae,Respiratory; Blood & Lymphoreticular/Immune Systems; Nervous System,Hemoptysis with fungus ball in a preexisting lung cavity,Asthma/CF patients may develop allergic bronchopulmonary disease; immunocompromised patients can develop angioinvasive disease,Eosinophilia/↑ IgE in allergic disease; biopsy shows acute-angle septate hyphae,Treated with voriconazole for invasive disease; steroids/itraconazole for allergic disease,"Allergic bronchopulmonary disease, aspergilloma, invasive pulmonary mold infection",Septate mold with acute-angle branching hyphae
Cryptococcus,fungi,encapsulated yeast,Nervous System; Respiratory; Blood & Lymphoreticular/Immune Systems,"Headache, fever, confusion, and increased intracranial pressure in advanced immunosuppression",Pulmonary disease can follow inhalation from bird-dropping exposure,India ink shows encapsulated yeast; capsular antigen positive,"Treated with amphotericin B plus flucytosine, then fluconazole","Meningoencephalitis, pulmonary infection, brain abscess",Encapsulated yeast
Histoplasma,fungi,dimorphic fungus,Respiratory; Blood & Lymphoreticular/Immune Systems; Gastrointestinal,Flu-like pneumonia after bat or bird-dropping exposure,"Can cause hepatosplenomegaly, lymphadenopathy, or oral ulcers when disseminated",Urine/serum antigen positive; macrophages filled with small yeasts,Mild disease supportive; severe/disseminated disease amphotericin B then itraconazole,Pulmonary and disseminated endemic mycosis,Dimorphic fungus
Blastomyces,fungi,dimorphic fungus,"Respiratory; Musculoskeletal, Skin & Subcutaneous Tissue",Pneumonia with possible verrucous skin lesions,"Bone lesions, genitourinary disease, or CNS involvement may occur",Broad-based budding yeast on KOH/culture,Local disease treated with itraconazole/fluconazole; systemic disease with amphotericin B,Pulmonary and disseminated endemic mycosis,Dimorphic fungus
Coccidioides,fungi,dimorphic fungus,"Respiratory; Musculoskeletal, Skin & Subcutaneous Tissue; Nervous System",Flu-like pneumonia after dust/soil exposure in the Southwest US,"Erythema nodosum, arthralgia, bone lesions, or meningitis may occur",Eosinophilia; large spherules filled with endospores on tissue exam,Treated with fluconazole/itraconazole; severe disease with amphotericin B,"Valley fever, pneumonia, meningitis, disseminated systemic mycosis",Dimorphic fungus
Pneumocystis jirovecii,fungi,atypical fungus,Respiratory; Blood & Lymphoreticular/Immune Systems,"Fever, nonproductive cough, exertional dyspnea, and hypoxemia",Classically occurs with advanced cellular immunodeficiency,Bilateral ground-glass opacities; silver stain shows disc-shaped yeasts,Treated with high-dose TMP-SMX; add prednisone if moderate/severe hypoxemia,Opportunistic bilateral pneumonia,Atypical fungus
Dermatophytes (Tinea),fungi,cutaneous mold,"Musculoskeletal, Skin & Subcutaneous Tissue",Ring-shaped pruritic skin lesion with central clearing,"Can affect scalp, groin, feet, hands, or nails",KOH shows hyphae from skin scraping,Treated with topical azoles for limited skin disease; oral griseofulvin/terbinafine for scalp or nails,"Ringworm-type superficial skin, hair, or nail infection",Cutaneous mold
Giardia,parasite,flagellated protozoan,Gastrointestinal,Foul-smelling greasy diarrhea with bloating and flatulence,"Associated with contaminated water, camping, or daycare exposure",Stool antigen/PCR or ova-and-parasite exam may confirm,"Treated with tinidazole, nitazoxanide, or metronidazole",Malabsorptive watery diarrheal illness,Flagellated protozoan
Entamoeba histolytica,parasite,amoeba protozoan,Gastrointestinal; Blood & Lymphoreticular/Immune Systems,Bloody diarrhea after fecal-oral exposure or travel,Can spread to liver and cause right upper quadrant pain,Stool antigen/PCR; trophozoites may contain ingested RBCs,Treated with metronidazole or tinidazole followed by paromomycin,"Invasive colitis, liver abscess",Amoeba protozoan
Toxoplasma gondii,parasite,apicomplexan protozoan,Nervous System; Reproductive; Blood & Lymphoreticular/Immune Systems,"Ring-enhancing brain lesions with headache, fever, or focal deficits in advanced immunosuppression","Congenital infection can cause chorioretinitis, hydrocephalus, and intracranial calcifications",Serology or PCR may help; intracellular crescent-shaped forms may be seen,"Treated with pyrimethamine, sulfadiazine, and leucovorin","Encephalitis, congenital infection, ocular disease",Apicomplexan protozoan
Plasmodium falciparum,parasite,apicomplexan protozoan,Blood & Lymphoreticular/Immune Systems; Nervous System; Renal/Urinary,Cyclic or irregular fevers after Anopheles mosquito exposure,"Severe disease can cause cerebral symptoms, renal injury, acidosis, and hypoglycemia",Thin/thick smear with high parasitemia; banana/crescent gametocytes may be seen,Severe disease treated with IV artesunate; uncomplicated disease depends on resistance pattern,"Severe malaria, cerebral malaria, hemolytic anemia",Apicomplexan protozoan
Plasmodium vivax,parasite,apicomplexan protozoan,Blood & Lymphoreticular/Immune Systems; Gastrointestinal,Recurrent fever episodes after travel to endemic region,Dormant liver forms can relapse months later,Blood smear shows enlarged RBCs with parasite forms,Treated with chloroquine where sensitive plus primaquine/tafenoquine after G6PD testing,Relapsing tertian malaria,Apicomplexan protozoan
Babesia,parasite,apicomplexan protozoan,Blood & Lymphoreticular/Immune Systems,"Fever, chills, myalgias, dark urine, and jaundice after tick exposure",Severe disease is more likely with asplenia or immunosuppression,"Hemolytic anemia, thrombocytopenia; intraerythrocytic rings or Maltese cross on smear",Treated with atovaquone plus azithromycin; severe cases may need exchange transfusion,Tick-borne hemolytic parasitemia,Apicomplexan protozoan
Trichomonas,parasite,flagellated protozoan,Reproductive; Renal/Urinary,Frothy yellow-green foul-smelling vaginal discharge,"Strawberry cervix, pruritus, dysuria, or dyspareunia may occur",Vaginal pH > 4.5; motile flagellated trophozoites on wet mount,Treated with oral metronidazole or tinidazole; treat partners too,Sexually transmitted vaginitis/urethritis,Flagellated protozoan
Trypanosoma cruzi,parasite,flagellated protozoan,Cardiovascular; Gastrointestinal,"Fever, malaise, and unilateral painless periorbital swelling after reduviid-bug exposure","Chronic infection can cause dilated cardiomyopathy, megaesophagus, or megacolon",Trypomastigotes on blood smear in acute disease; IgG serology in chronic disease,Treated with benznidazole; nifurtimox is second line,American trypanosomal infection with cardiac/GI complications,Flagellated protozoan
Trypanosoma brucei,parasite,flagellated protozoan,Nervous System; Blood & Lymphoreticular/Immune Systems,Intermittent fever and painless lymphadenopathy after tsetse-fly exposure,"Later sleep inversion, behavior change, ataxia, and coma can occur",Trypomastigotes in blood/lymph aspirate or CSF depending on stage,Treated with pentamidine/suramin early; eflornithine plus nifurtimox or melarsoprol for CNS disease,African sleeping sickness,Flagellated protozoan
Leishmania,parasite,flagellated protozoan,"Blood & Lymphoreticular/Immune Systems; Musculoskeletal, Skin & Subcutaneous Tissue; Gastrointestinal",Chronic painless ulcer at sandfly bite site,"Visceral disease can cause fever, hepatosplenomegaly, pancytopenia, and darkened skin",Amastigotes inside macrophages on tissue sample,Treated with amphotericin B or sodium stibogluconate; limited skin disease may use topical therapy,"Cutaneous, mucosal, or visceral sandfly-borne infection",Flagellated protozoan
Schistosoma,parasite,trematode (fluke),Renal/Urinary; Gastrointestinal; Blood & Lymphoreticular/Immune Systems,Itchy rash after freshwater exposure followed by fever or chronic urinary/GI symptoms,"Eggs can cause hematuria, portal hypertension, or intestinal inflammation",Eosinophilia; eggs in urine or stool,Treated with praziquantel,Blood-fluke infection causing urinary or intestinal disease,Trematode (fluke)
Taenia solium,parasite,cestode (tapeworm),Nervous System; Gastrointestinal,Seizures or headaches from CNS cysts after fecal-oral egg ingestion,Eating undercooked pork can instead cause intestinal adult-worm infection,Eggs/proglottids in stool for intestinal disease; imaging/serology for CNS disease,Intestinal disease treated with praziquantel; CNS disease often albendazole plus steroids,"Pork-tapeworm intestinal infection, neurocysticercosis",Cestode (tapeworm)
Echinococcus,parasite,cestode (tapeworm),Gastrointestinal; Respiratory,Slowly enlarging hepatic cyst with abdominal pain or mass effect,Cyst rupture can trigger anaphylaxis and secondary seeding,"Imaging shows cystic lesion, sometimes with daughter cysts",Treated with albendazole; PAIR or surgery for selected cysts,"Hydatid cyst disease, alveolar cystic liver disease",Cestode (tapeworm)
Cryptosporidium,parasite,apicomplexan protozoan,Gastrointestinal; Blood & Lymphoreticular/Immune Systems,Profuse watery diarrhea after contaminated water exposure,Chronic severe diarrhea occurs with advanced immunosuppression,Acid-fast oocysts or stool antigen/PCR,Treated with nitazoxanide and supportive care; optimize immune status if immunocompromised,"Watery diarrheal illness, chronic opportunistic enteritis",Apicomplexan protozoan
Cyclospora cayetanensis,parasite,apicomplexan protozoan,Gastrointestinal,"Prolonged watery diarrhea with anorexia, cramping, and fatigue",Often associated with contaminated produce or travel,Acid-fast oocysts in stool; PCR may confirm,Treated with TMP-SMX,Relapsing/prolonged watery gastroenteritis,Apicomplexan protozoan
Cystoisospora belli,parasite,apicomplexan protozoan,Gastrointestinal; Blood & Lymphoreticular/Immune Systems,Watery diarrhea in tropical/subtropical exposure or immunocompromise,Chronic disease is more likely with impaired cellular immunity,Stool oocysts; eosinophilia may occur,Treated with TMP-SMX,Opportunistic watery diarrheal illness,Apicomplexan protozoan
Strongyloides stercoralis,parasite,nematode (roundworm),"Gastrointestinal; Respiratory; Musculoskeletal, Skin & Subcutaneous Tissue; Blood & Lymphoreticular/Immune Systems","Abdominal pain, diarrhea, cough, and pruritic serpiginous rash",Hyperinfection can occur after steroids or immunosuppression,Eosinophilia; mobile larvae in stool,Treated with ivermectin; albendazole is an alternative,"Autoinfective intestinal/threadworm infection, hyperinfection syndrome",Nematode (roundworm)
Acanthamoeba,parasite,free-living amoeba,"Nervous System; Musculoskeletal, Skin & Subcutaneous Tissue",Painful keratitis in contact-lens wearer,Immunocompromised patients may develop chronic granulomatous encephalitis or skin lesions,"Trophozoites/cysts in corneal scraping, biopsy, or CSF testing",Keratitis treated with topical biguanides; CNS disease requires specialist multidrug therapy,"Contact-lens keratitis, granulomatous amebic encephalitis",Free-living amoeba
Naegleria fowleri,parasite,free-living amoeba,Nervous System,"Rapid-onset fever, headache, meningismus after warm freshwater enters the nose","Progresses quickly to seizures, coma, and death",CSF resembles bacterial meningitis; motile trophozoites may be seen,Treated with amphotericin B plus miltefosine,Primary amebic meningoencephalitis,Free-living amoeba
Angiostrongylus cantonensis,parasite,nematode (roundworm),Nervous System; Gastrointestinal,"Headache and neck stiffness after raw/undercooked snail, slug, or contaminated produce exposure","Paresthesias, hyperesthesia, nausea, or vomiting may occur",Eosinophilic meningitis with CSF eosinophilia,"Treated supportively; analgesia, corticosteroids in selected cases; antiparasitic therapy is specialist-guided",Rat-lungworm eosinophilic meningitis,Nematode (roundworm)
Baylisascaris procyonis,parasite,nematode (roundworm),Nervous System; Gastrointestinal,Encephalitis or ocular disease after raccoon-feces exposure,Children may be exposed through contaminated soil or pica,"Marked eosinophilia; larvae may migrate through brain, eye, or viscera",Treated with albendazole plus corticosteroids when suspected early,Raccoon-roundworm larva migrans with neurologic/ocular disease,Nematode (roundworm)